id, nombre, apellido, precio, tipopasajero, codigovuelo 
1,     Ainslie,     Arton, 97327.000000, 2,     p 
2,     Munmro,     Pendre, 73818.000000, 3,     c 
3,     Maxy,     Axton, 152898.000000, 1,     Z 
4,     Dunstan,     Momery, 9971.000000, 2,     d 
5,     Zak,     Damarell, 136877.000000, 1,     f 
6,     Farrell,     Pennington, 113449.000000, 4,     I 
7,     Tarah,     O'Driscoll, 154527.000000, 4,     8 
8,     Teador,     McBeth, 193521.000000, 3,     s 
9,     Claudette,     Garz, 174448.000000, 3,     2 
10,     Francine,     Swanborrow, 150836.000000, 4,     a 
11,     Lucretia,     Stirrup, 31859.000000, 1,     U 
12,     Jeane,     Whal, 194225.000000, 2,     C 
13,     Federica,     Tarpey, 130784.000000, 3,     u 
14,     Ainslie,     Cleverley, 196746.000000, 2,     x 
15,     Lyman,     Oliva, 73303.000000, 2,     t 
16,     Ddene,     Scruby, 136537.000000, 1,     T 
17,     Myrah,     Voaden, 149265.000000, 3,     9 
18,     Aldin,     Sancroft, 20722.000000, 2,     9 
19,     Petronella,     Diggles, 154318.000000, 3,     D 
20,     Arlin,     Furness, 114100.000000, 3,     J 
21,     Dar,     Clayton, 33500.000000, 4,     5 
22,     Harp,     Borges, 52213.000000, 4,     0 
23,     Chaddy,     Sustin, 55526.000000, 3,     E 
24,     Matthaeus,     Spivie, 24408.000000, 1,     i 
25,     Merilyn,     Dominik, 125952.000000, 4,     t 
26,     Nicolle,     Vogt, 145021.000000, 3,     s 
27,     Lizzy,     Huckabe, 88429.000000, 1,     8 
28,     Kingston,     Coultard, 755.000000, 4,     Z 
29,     Abagail,     Ducarel, 84281.000000, 2,     n 
30,     Jessamyn,     Crowden, 7359.000000, 3,     K 
31,     Bram,     Ingolotti, 121742.000000, 1,     l 
32,     Cristionna,     Tolliday, 171781.000000, 4,     9 
33,     Ingrid,     Keymer, 48759.000000, 3,     O 
34,     Davine,     Lacoste, 98495.000000, 3,     i 
35,     Nadeen,     McAlinion, 96526.000000, 2,     L 
36,     Timofei,     Yu, 20407.000000, 2,     r 
37,     Sollie,     Lavin, 59972.000000, 1,     J 
38,     Culver,     Lighterness, 101608.000000, 2,     2 
39,     Rhetta,     Children, 138581.000000, 3,     n 
40,     Isa,     Sleney, 85862.000000, 3,     6 
41,     Constance,     Lisciandri, 45271.000000, 4,     k 
42,     Hetty,     Davers, 128790.000000, 1,     h 
43,     Reg,     Turrell, 161859.000000, 4,     S 
44,     Twila,     Hall-Gough, 62012.000000, 4,     Y 
45,     Pete,     Boldra, 88899.000000, 3,     J 
46,     Ofelia,     Sherewood, 32531.000000, 3,     s 
47,     Reena,     Abrams, 47151.000000, 2,     4 
48,     Jackqueline,     Ubank, 15494.000000, 3,     o 
49,     Phillis,     Carslaw, 8170.000000, 1,     H 
50,     Prentiss,     Stabbins, 167588.000000, 4,     m 
51,     Dacie,     Doubleday, 75770.000000, 4,     i 
52,     Arlana,     Jopp, 83713.000000, 3,     R 
53,     Ronica,     Cawthery, 108762.000000, 4,     g 
54,     Herold,     Minnis, 173716.000000, 3,     E 
55,     Dory,     Hutchison, 182667.000000, 2,     n 
56,     Cecilla,     Glaserman, 188826.000000, 3,     K 
57,     Amalia,     Velde, 64095.000000, 4,     n 
58,     Towney,     Dumbelton, 198535.000000, 2,     K 
59,     Anabal,     Scrowson, 20992.000000, 1,     X 
60,     Kennie,     Braunter, 45596.000000, 3,     7 
61,     West,     Stonebridge, 175599.000000, 2,     f 
62,     Nadya,     Emmatt, 193370.000000, 4,     x 
63,     Frayda,     Gyngell, 137352.000000, 2,     S 
64,     Nicola,     Treble, 123065.000000, 1,     p 
65,     Karrah,     Shoesmith, 79913.000000, 2,     S 
66,     Minnnie,     Dewberry, 186690.000000, 4,     A 
67,     Nikola,     Lejeune, 66717.000000, 1,     4 
68,     Marge,     Girardoni, 50439.000000, 4,     e 
69,     Wenona,     Hurl, 159982.000000, 1,     G 
70,     Ossie,     Alenikov, 130508.000000, 4,     C 
71,     Chryste,     Weild, 185107.000000, 4,     b 
72,     Brant,     Sapwell, 198346.000000, 4,     0 
73,     Bernadina,     Falconar, 192744.000000, 1,     o 
74,     Schuyler,     Brobyn, 162216.000000, 3,     p 
75,     Nomi,     Maccari, 151578.000000, 4,     s 
76,     Dyanna,     Friedman, 32530.000000, 1,     9 
77,     Friedrick,     Mulberry, 48421.000000, 4,     y 
78,     Sal,     Jeffcock, 35710.000000, 1,     i 
79,     Winne,     Coll, 140084.000000, 2,     G 
80,     Graham,     McCue, 91466.000000, 3,     n 
81,     Puff,     Chainey, 45136.000000, 2,     H 
82,     Leoine,     Coey, 84561.000000, 3,     Q 
83,     Thorpe,     Zincke, 118137.000000, 1,     o 
84,     Dylan,     Delacroux, 69217.000000, 2,     I 
85,     Aylmer,     McCawley, 125509.000000, 4,     h 
86,     Jania,     Everard, 93626.000000, 3,     Q 
87,     Arvin,     Beggi, 63757.000000, 2,     r 
88,     Axe,     Rimmer, 4124.000000, 1,     T 
89,     Jessamine,     Cowdroy, 181201.000000, 1,     O 
90,     Kaine,     Fratson, 2600.000000, 3,     N 
91,     Marti,     Greed, 17795.000000, 3,     U 
92,     Vivie,     Scutt, 42760.000000, 4,     v 
93,     Sean,     Rutledge, 155593.000000, 1,     a 
94,     Nathanil,     Deegan, 20550.000000, 3,     Z 
95,     Alyda,     Osband, 101729.000000, 2,     L 
96,     Robbin,     Dybell, 64799.000000, 2,     U 
97,     Herc,     Baroc, 193354.000000, 4,     d 
98,     Weber,     Davitashvili, 75127.000000, 4,     s 
99,     Sarette,     Bramer, 81640.000000, 1,     F 
100,     Ive,     Yakov, 172713.000000, 2,     R 
101,     Ricki,     Kipling, 5670.000000, 1,     r 
102,     Dulcine,     Petri, 17567.000000, 1,     p 
103,     Maximilien,     Crunden, 195637.000000, 3,     3 
104,     Janessa,     MacDwyer, 23193.000000, 4,     A 
105,     Iolanthe,     Galbraith, 62754.000000, 4,     H 
106,     Dallas,     de Banke, 137139.000000, 4,     p 
107,     Rubina,     Rackam, 63778.000000, 1,     Q 
108,     Calli,     Blamphin, 152348.000000, 4,     R 
109,     Alvinia,     Biddulph, 5470.000000, 1,     d 
110,     Stormy,     Mordanti, 109641.000000, 4,     F 
111,     Maurits,     Patkin, 151852.000000, 3,     s 
112,     Willey,     Vallow, 101006.000000, 3,     W 
113,     Rosemonde,     Creagh, 26537.000000, 4,     3 
114,     Giffy,     Hakonsson, 51635.000000, 1,     Y 
115,     Jordon,     Biggs, 14549.000000, 4,     7 
116,     Elbertina,     Wreford, 137203.000000, 3,     v 
117,     Sari,     Wayland, 169738.000000, 3,     5 
118,     Hagen,     Katz, 88254.000000, 2,     f 
119,     Donavon,     Mantha, 161714.000000, 2,     4 
120,     John,     Paumier, 29271.000000, 2,     Y 
121,     Amby,     Paulet, 28046.000000, 4,     p 
122,     Blythe,     Cosgrove, 125701.000000, 3,     E 
123,     Jeanine,     Klais, 176188.000000, 1,     j 
124,     Jaye,     Gonsalvo, 95942.000000, 2,     w 
125,     Skye,     Swedeland, 123291.000000, 3,     1 
126,     Karim,     Gatland, 183326.000000, 2,     A 
127,     Allister,     Hornig, 139275.000000, 3,     X 
128,     Federico,     Heakins, 139057.000000, 4,     0 
129,     Dexter,     Goldsbury, 117392.000000, 3,     y 
130,     Jennie,     Genese, 162313.000000, 2,     s 
131,     Andris,     Bedenham, 152728.000000, 3,     4 
132,     Elena,     Ellick, 154200.000000, 3,     E 
133,     Gabby,     Randerson, 196369.000000, 1,     N 
134,     Bertha,     Punyer, 90271.000000, 4,     I 
135,     Patton,     Boak, 92473.000000, 2,     o 
136,     Stevena,     Bedow, 100920.000000, 4,     I 
137,     Delia,     Januszewski, 147530.000000, 1,     X 
138,     Case,     O'Cannavan, 5931.000000, 4,     E 
139,     Abbe,     Boar, 165367.000000, 3,     u 
140,     Hildy,     Polly, 156862.000000, 1,     f 
141,     Mason,     Nelthropp, 20984.000000, 2,     y 
142,     Verine,     Gumm, 174425.000000, 1,     c 
143,     Hercule,     Stanyard, 140971.000000, 1,     4 
144,     Kendal,     Leadley, 153265.000000, 3,     F 
145,     Blinnie,     Ogbourne, 131261.000000, 1,     p 
146,     Benny,     Slafford, 161454.000000, 3,     m 
147,     Roda,     De Gouy, 18803.000000, 4,     r 
148,     Modesta,     Vlasenkov, 33131.000000, 4,     8 
149,     Darnell,     Bryers, 102720.000000, 1,     p 
150,     Brockie,     Lintall, 137493.000000, 3,     X 
151,     Merrel,     Minards, 11237.000000, 4,     l 
152,     Erena,     Kundert, 84987.000000, 2,     9 
153,     Vern,     Geroldini, 123048.000000, 3,     w 
154,     Guilbert,     Bernier, 137097.000000, 4,     E 
155,     Pietra,     Giffkins, 41226.000000, 3,     x 
156,     Marna,     Sallier, 17652.000000, 2,     T 
157,     Reinwald,     Smithin, 79762.000000, 1,     2 
158,     Sayre,     Revell, 59270.000000, 1,     6 
159,     Derrik,     Everiss, 66769.000000, 4,     h 
160,     Carny,     Lalley, 105985.000000, 1,     z 
161,     Price,     Noad, 164314.000000, 2,     c 
162,     Selia,     Rowntree, 164482.000000, 4,     S 
163,     Peggie,     Cullagh, 31289.000000, 3,     K 
164,     Loise,     Dengate, 186054.000000, 3,     T 
165,     Gage,     McCluney, 48502.000000, 4,     n 
166,     Ariel,     Pieter, 23975.000000, 2,     d 
167,     Cristian,     Varlow, 142890.000000, 3,     U 
168,     Cassi,     Shafier, 161370.000000, 4,     3 
169,     Daloris,     Lynas, 121084.000000, 3,     O 
170,     Shaylynn,     Gidney, 88583.000000, 2,     s 
171,     Demetrius,     Agge, 100871.000000, 4,     8 
172,     Merry,     Besse, 62353.000000, 2,     A 
173,     Marline,     Jarrette, 116057.000000, 2,     D 
174,     Karlotte,     Hagyard, 87037.000000, 3,     U 
175,     Davidson,     Willoughley, 89019.000000, 3,     6 
176,     Nydia,     Kalkofen, 107215.000000, 2,     Z 
177,     Jeremiah,     Venus, 28862.000000, 3,     j 
178,     Jefferson,     Guidetti, 67787.000000, 1,     S 
179,     Katinka,     Armall, 110995.000000, 4,     G 
180,     Liliane,     Cringle, 177129.000000, 2,     K 
181,     Wilbur,     Riglar, 85121.000000, 1,     3 
182,     Helene,     Barta, 189140.000000, 3,     q 
183,     Niles,     De Meis, 123110.000000, 4,     g 
184,     Brice,     Thurborn, 40277.000000, 2,     m 
185,     Beckie,     Croizier, 186848.000000, 2,     m 
186,     Rourke,     Lage, 161501.000000, 1,     p 
187,     Tracey,     Standbrooke, 116622.000000, 1,     z 
188,     Dacy,     Cribbins, 55022.000000, 3,     k 
189,     Taber,     Vasilyonok, 50466.000000, 1,     0 
190,     Barton,     Bodechon, 183365.000000, 1,     p 
191,     Karlotta,     Haycroft, 63090.000000, 3,     0 
192,     Fee,     Nehl, 174695.000000, 4,     q 
193,     Ekaterina,     Djekovic, 120329.000000, 1,     V 
194,     Tulley,     Oke, 162254.000000, 1,     y 
195,     Megen,     Yexley, 152924.000000, 3,     0 
196,     Gabby,     Lovering, 168067.000000, 3,     M 
197,     Humphrey,     Falla, 138170.000000, 3,     D 
198,     Dud,     covino, 146763.000000, 3,     1 
199,     Marabel,     Wellesley, 87337.000000, 1,     s 
200,     Cecil,     Romaint, 73706.000000, 2,     6 
201,     Grantham,     Kamienski, 64445.000000, 2,     u 
202,     Sigfrid,     MacConnel, 131269.000000, 4,     z 
203,     Jolee,     Ceccoli, 82075.000000, 4,     9 
204,     Francoise,     Stanaway, 3786.000000, 4,     m 
205,     Lelah,     MacGarrity, 195250.000000, 1,     M 
206,     Ciel,     Warnes, 191423.000000, 1,     t 
207,     Bernard,     Sproson, 110868.000000, 2,     M 
208,     Susanetta,     McDuff, 91855.000000, 4,     M 
209,     Beret,     Heckner, 115068.000000, 1,     d 
210,     Almeta,     Lowings, 187004.000000, 4,     7 
211,     Bradford,     Reef, 18463.000000, 1,     N 
212,     Roma,     Keigher, 186082.000000, 3,     O 
213,     Vaughan,     Dowdeswell, 183977.000000, 2,     0 
214,     Lynna,     Canelas, 157272.000000, 2,     n 
215,     Dayna,     Lung, 45017.000000, 1,     f 
216,     Sonni,     Rosen, 115690.000000, 4,     z 
217,     Jasmine,     Chelam, 91815.000000, 3,     p 
218,     Peggy,     Rubinchik, 180248.000000, 1,     p 
219,     Janenna,     Arents, 165579.000000, 4,     8 
220,     Odey,     Geard, 106171.000000, 4,     m 
221,     Rhianon,     Shorten, 144756.000000, 2,     y 
222,     Eolande,     Rosenkrantz, 29896.000000, 1,     S 
223,     Merwyn,     Moyles, 108848.000000, 3,     q 
224,     Austin,     Cawsby, 92527.000000, 1,     X 
225,     Sterling,     Shayler, 60249.000000, 3,     o 
226,     Jae,     Scase, 69630.000000, 4,     w 
227,     Aubrette,     Watsham, 102639.000000, 2,     f 
228,     Jeana,     Midden, 75616.000000, 3,     B 
229,     Babbette,     Wingfield, 149983.000000, 1,     c 
230,     Bastian,     Cammiemile, 198689.000000, 2,     p 
231,     Giacopo,     Tock, 4982.000000, 3,     d 
232,     Elenore,     Woodyer, 158224.000000, 2,     j 
233,     Britteny,     Skerritt, 37864.000000, 4,     p 
234,     Alanna,     Quincee, 104261.000000, 3,     t 
235,     Blayne,     Cudby, 127934.000000, 4,     h 
236,     Melita,     Howerd, 141036.000000, 3,     D 
237,     Alys,     Dennerly, 50222.000000, 1,     W 
238,     Isak,     Bartoszek, 83179.000000, 3,     k 
239,     Yorker,     MacSwayde, 127498.000000, 1,     n 
240,     Miranda,     Crallan, 151290.000000, 4,     C 
241,     Min,     Hallihane, 96389.000000, 4,     H 
242,     Howard,     Geldert, 58445.000000, 1,     L 
243,     Bird,     Sawkin, 157026.000000, 4,     B 
244,     Sam,     Summerlad, 15681.000000, 2,     p 
245,     Elyse,     Laurenzi, 178928.000000, 4,     b 
246,     Peyton,     Passey, 145516.000000, 4,     y 
247,     Karylin,     Guiet, 86099.000000, 3,     M 
248,     Gaynor,     Handscombe, 6896.000000, 2,     Q 
249,     Kirstin,     Tyhurst, 88810.000000, 1,     V 
250,     Sada,     Mehaffey, 51936.000000, 4,     D 
251,     Bunny,     Dumberell, 47626.000000, 1,     e 
252,     Luise,     Tremellan, 178858.000000, 1,     y 
253,     Cullen,     Bartos, 22326.000000, 4,     8 
254,     Kelby,     Bottlestone, 85176.000000, 2,     B 
255,     Micheil,     Dare, 177465.000000, 3,     T 
256,     Donovan,     Ricardon, 106392.000000, 4,     w 
257,     Hermy,     Pero, 75902.000000, 2,     F 
258,     Aryn,     Vanns, 16930.000000, 2,     v 
259,     Vally,     Gruszka, 114748.000000, 2,     R 
260,     Gilles,     Hambidge, 197249.000000, 4,     Y 
261,     Alina,     Hoofe, 163536.000000, 4,     K 
262,     Mufi,     Gerner, 125210.000000, 1,     L 
263,     Mahmoud,     Soppett, 153643.000000, 2,     B 
264,     Vaughn,     Downey, 142886.000000, 1,     z 
265,     Abey,     Tetla, 177987.000000, 4,     h 
266,     Marybelle,     Buttriss, 35854.000000, 1,     r 
267,     Nolan,     Beeby, 183892.000000, 1,     w 
268,     Arlee,     Shaddock, 47777.000000, 4,     S 
269,     Jeana,     Hargraves, 74654.000000, 1,     b 
270,     Martyn,     Rostern, 85284.000000, 3,     3 
271,     Adrian,     Fosken, 129677.000000, 3,     l 
272,     Rudolph,     Mossop, 184557.000000, 4,     y 
273,     Cullin,     Merrilees, 12713.000000, 2,     N 
274,     Aurora,     Ternault, 89347.000000, 1,     E 
275,     Hamish,     Terris, 156211.000000, 1,     N 
276,     Dag,     Simcox, 85383.000000, 1,     y 
277,     Aurlie,     Keegan, 74569.000000, 3,     6 
278,     Ninon,     Farherty, 52004.000000, 2,     r 
279,     Roanne,     Goodby, 77555.000000, 3,     O 
280,     Dari,     Dorow, 28500.000000, 3,     x 
281,     Bret,     Beric, 126889.000000, 4,     j 
282,     Dani,     Dow, 192779.000000, 2,     S 
283,     Oona,     Cuxson, 180650.000000, 4,     C 
284,     Brock,     Paulot, 43428.000000, 3,     P 
285,     Burt,     Bartlett, 47408.000000, 1,     A 
286,     Jessie,     Schultze, 151018.000000, 3,     2 
287,     Sashenka,     Digger, 194581.000000, 4,     F 
288,     Lesley,     Dunbabin, 51304.000000, 2,     O 
289,     Anabal,     Teall, 3012.000000, 4,     J 
290,     Morganica,     MacMichael, 120366.000000, 3,     M 
291,     Cornelius,     Glavis, 174378.000000, 1,     6 
292,     Mylo,     Chessun, 63762.000000, 2,     9 
293,     Hilarius,     Matevosian, 7074.000000, 3,     A 
294,     Erika,     Croutear, 81536.000000, 2,     o 
295,     Bran,     Janczewski, 82003.000000, 2,     U 
296,     Deina,     Cavnor, 87237.000000, 2,     s 
297,     Morley,     McCreadie, 34516.000000, 4,     f 
298,     Noah,     Finnimore, 90412.000000, 2,     d 
299,     Kennith,     Tennewell, 190819.000000, 4,     v 
300,     Heida,     Woodburn, 148528.000000, 4,     e 
301,     Gwenneth,     Deville, 192003.000000, 3,     g 
302,     Rickie,     Hackwell, 17126.000000, 4,     x 
303,     Vince,     McNerlin, 102119.000000, 3,     1 
304,     Udall,     Krimmer, 124223.000000, 1,     j 
305,     Kareem,     Gadsdon, 74585.000000, 3,     A 
306,     Lem,     Boaler, 38718.000000, 1,     k 
307,     Oneida,     Haxbie, 147796.000000, 4,     K 
308,     Giorgia,     Guisot, 72666.000000, 4,     R 
309,     Phillis,     O'Fogerty, 185634.000000, 1,     s 
310,     Alexandr,     Richardson, 151303.000000, 1,     3 
311,     Donnajean,     Forward, 8807.000000, 1,     O 
312,     Rose,     Marquese, 27862.000000, 2,     p 
313,     Homerus,     Kingshott, 186557.000000, 3,     D 
314,     Shanda,     Rajchert, 176626.000000, 1,     w 
315,     Ashlan,     Maxwell, 32778.000000, 1,     1 
316,     Adolpho,     McQuaker, 167164.000000, 3,     b 
317,     Zena,     Colquhoun, 170872.000000, 3,     u 
318,     Chucho,     Lainge, 163626.000000, 1,     f 
319,     Melvyn,     Fleury, 140931.000000, 3,     Z 
320,     Adlai,     Hotson, 165509.000000, 2,     b 
321,     Felisha,     Malinowski, 197182.000000, 1,     x 
322,     Annmaria,     Dobie, 174250.000000, 2,     5 
323,     Atlante,     Grennan, 68008.000000, 1,     R 
324,     Lynelle,     Marcone, 17439.000000, 3,     s 
325,     Siobhan,     Weatherburn, 73870.000000, 4,     Y 
326,     Joleen,     Tunn, 36371.000000, 2,     v 
327,     Zondra,     Dando, 71555.000000, 1,     n 
328,     Barri,     Creeboe, 185440.000000, 3,     r 
329,     Christa,     Tabert, 123575.000000, 4,     U 
330,     Heinrik,     Drain, 156731.000000, 1,     m 
331,     Dwight,     Pumphrey, 25215.000000, 1,     M 
332,     Batholomew,     Gerrill, 113925.000000, 3,     q 
333,     Darren,     Le Hucquet, 130671.000000, 1,     I 
334,     Dion,     Briscam, 53497.000000, 3,     w 
335,     Jerrilyn,     Stockbridge, 6281.000000, 4,     p 
336,     Llywellyn,     O' Mullane, 25350.000000, 4,     x 
337,     Leilah,     Allmen, 152818.000000, 4,     h 
338,     Wileen,     Northey, 64379.000000, 2,     2 
339,     Verla,     Linton, 13782.000000, 4,     V 
340,     Wittie,     Gare, 75061.000000, 3,     C 
341,     Floyd,     Cranney, 116809.000000, 3,     d 
342,     Pegeen,     Hallybone, 156843.000000, 3,     x 
343,     Rudolf,     Caspell, 198934.000000, 4,     j 
344,     Janka,     Scurrell, 142503.000000, 2,     V 
345,     Christin,     Doud, 171565.000000, 2,     X 
346,     Neel,     Dutteridge, 62216.000000, 1,     1 
347,     Rutger,     Iddons, 188428.000000, 1,     v 
348,     Priscella,     Sallter, 8537.000000, 4,     3 
349,     Rena,     Kinge, 82548.000000, 3,     N 
350,     Burk,     Nickless, 142975.000000, 2,     n 
351,     Sari,     Eaglestone, 79604.000000, 3,     0 
352,     Gavan,     Marrison, 36243.000000, 1,     9 
353,     Chrisy,     Pitney, 100978.000000, 3,     W 
354,     Charles,     Pritchitt, 107569.000000, 4,     9 
355,     Bridget,     Kunzler, 96179.000000, 1,     G 
356,     Karney,     Klima, 167489.000000, 1,     E 
357,     Baryram,     Woolrich, 45781.000000, 2,     T 
358,     Hedy,     Verma, 101578.000000, 1,     F 
359,     Ardra,     Hitscher, 120897.000000, 2,     V 
360,     Isidora,     MacClay, 20966.000000, 2,     R 
361,     Hynda,     Regus, 1758.000000, 1,     W 
362,     Giorgio,     Burridge, 166682.000000, 3,     3 
363,     Davis,     Tysack, 34890.000000, 4,     V 
364,     Marilin,     Akehurst, 57721.000000, 4,     7 
365,     Taber,     Clemence, 77121.000000, 4,     W 
366,     Luca,     Gilks, 85821.000000, 3,     x 
367,     Derrek,     Keel, 156266.000000, 2,     l 
368,     Johna,     Cottem, 154229.000000, 1,     W 
369,     Ryun,     Fuzzard, 136845.000000, 2,     Z 
370,     Chantalle,     Bullimore, 122192.000000, 2,     y 
371,     Jacquelyn,     Cole, 117707.000000, 4,     U 
372,     Shermy,     Parkman, 50873.000000, 1,     5 
373,     Roi,     Markson, 58822.000000, 3,     W 
374,     Misha,     Prium, 128080.000000, 2,     F 
375,     Shelby,     Buckmaster, 7800.000000, 1,     q 
376,     Adena,     Neat, 52894.000000, 1,     S 
377,     Carmine,     Yesinin, 144821.000000, 1,     o 
378,     Brear,     Andreasen, 186510.000000, 3,     P 
379,     Darcee,     Blevin, 118285.000000, 1,     s 
380,     Alyss,     Greswell, 126145.000000, 4,     J 
381,     Retha,     Cooke, 197821.000000, 3,     z 
382,     Nellie,     Buckeridge, 138403.000000, 3,     j 
383,     Wells,     Landre, 64423.000000, 1,     w 
384,     Bealle,     Knill, 129432.000000, 2,     w 
385,     Hall,     Ferrolli, 50852.000000, 4,     f 
386,     Corty,     Charrier, 5713.000000, 4,     q 
387,     Ingeberg,     Worham, 127792.000000, 1,     V 
388,     Moina,     Lodder, 183717.000000, 2,     Z 
389,     Jamie,     Orfeur, 157071.000000, 2,     b 
390,     Jayme,     Ridge, 160197.000000, 2,     z 
391,     Cecilius,     Le Guin, 45895.000000, 3,     o 
392,     Lotta,     Rivallant, 47136.000000, 1,     F 
393,     Richardo,     McElory, 44321.000000, 2,     V 
394,     Dre,     Crafter, 91399.000000, 1,     Z 
395,     Gillan,     Huyton, 86685.000000, 4,     b 
396,     Gerri,     Brendish, 69786.000000, 2,     o 
397,     Amory,     Dikels, 112731.000000, 1,     0 
398,     Yorgo,     Peasegod, 58652.000000, 1,     8 
399,     Sheila,     Graver, 106339.000000, 3,     X 
400,     Whitney,     Josipovitz, 33828.000000, 1,     Y 
401,     Kiersten,     Keizman, 125574.000000, 4,     r 
402,     Honoria,     Duester, 158834.000000, 3,     f 
403,     Nehemiah,     Jordi, 138970.000000, 4,     V 
404,     Bonnibelle,     Scogings, 47544.000000, 2,     9 
405,     Meara,     Brunstan, 64424.000000, 2,     f 
406,     Allen,     Sissens, 96490.000000, 4,     B 
407,     Peta,     Loveland, 10543.000000, 3,     t 
408,     Valencia,     Tincknell, 26469.000000, 2,     B 
409,     Valencia,     Tompkin, 50985.000000, 1,     d 
410,     Korella,     Devaney, 77732.000000, 3,     E 
411,     Reider,     Mompesson, 41622.000000, 4,     k 
412,     Codi,     Rowswell, 12118.000000, 1,     F 
413,     Maximilien,     Spottiswoode, 126553.000000, 1,     w 
414,     Ewart,     Maxwaile, 191821.000000, 1,     B 
415,     Hermione,     Caghy, 198693.000000, 4,     k 
416,     Hyacinth,     Tubby, 78604.000000, 2,     g 
417,     Arabela,     Beedon, 57066.000000, 1,     D 
418,     Prinz,     Snarr, 148025.000000, 2,     y 
419,     Shaylyn,     Greenroad, 50946.000000, 3,     Y 
420,     Consuelo,     Blamphin, 27574.000000, 4,     m 
421,     Roland,     Maydwell, 1403.000000, 2,     g 
422,     Torie,     Woollends, 168909.000000, 3,     B 
423,     Lowell,     Vagg, 148439.000000, 4,     Q 
424,     Constantine,     Farland, 11412.000000, 3,     Q 
425,     Harri,     Gresty, 59392.000000, 4,     N 
426,     Guntar,     Pebworth, 171659.000000, 2,     r 
427,     Wendell,     Honeyghan, 148926.000000, 2,     a 
428,     Danila,     Teal, 100297.000000, 3,     A 
429,     Brig,     Bazell, 15769.000000, 2,     5 
430,     Merrel,     Groneway, 73149.000000, 2,     o 
431,     Ichabod,     Fallowes, 85376.000000, 1,     S 
432,     Benyamin,     Andrewartha, 72144.000000, 4,     y 
433,     Korey,     Bolton, 98089.000000, 4,     6 
434,     Timi,     Dufton, 28586.000000, 1,     S 
435,     Jacenta,     Crammy, 196287.000000, 4,     J 
436,     Hardy,     McGavigan, 6678.000000, 4,     2 
437,     Kaiser,     Teaz, 54296.000000, 3,     l 
438,     Vonnie,     Dubble, 160074.000000, 2,     T 
439,     Darci,     Kinson, 10717.000000, 1,     M 
440,     Craggie,     Saulter, 18948.000000, 3,     B 
441,     Melisa,     Botten, 81144.000000, 1,     A 
442,     Vail,     Prestidge, 27039.000000, 3,     2 
443,     Caron,     Kyne, 13224.000000, 1,     6 
444,     Corny,     Seamans, 24093.000000, 4,     4 
445,     Malvin,     McSherry, 117568.000000, 1,     N 
446,     Munroe,     Hendricks, 79840.000000, 2,     d 
447,     Derril,     Laise, 146473.000000, 1,     b 
448,     Drucie,     Aleavy, 123635.000000, 1,     S 
449,     Sioux,     Sunnucks, 75073.000000, 1,     k 
450,     Doretta,     Karolovsky, 82174.000000, 1,     H 
451,     Darren,     Camin, 146860.000000, 1,     w 
452,     Ursula,     Petyakov, 114543.000000, 1,     h 
453,     Diane,     Logsdail, 175421.000000, 2,     G 
454,     Tulley,     Mathouse, 59229.000000, 1,     A 
455,     Rodge,     Giff, 107106.000000, 2,     V 
456,     Vaughn,     Patesel, 154694.000000, 4,     q 
457,     Sheree,     Amoss, 74439.000000, 2,     Y 
458,     Cory,     Nutting, 4698.000000, 2,     i 
459,     Cristina,     Wheatland, 196543.000000, 3,     T 
460,     Virgie,     Privett, 163560.000000, 3,     8 
461,     Bail,     Glanfield, 87040.000000, 3,     4 
462,     Tanitansy,     Surmeir, 47686.000000, 1,     7 
463,     Charin,     Wolsey, 93321.000000, 1,     8 
464,     Kaine,     Winsor, 87288.000000, 1,     d 
465,     Tildie,     MacCorley, 52755.000000, 3,     G 
466,     Darcey,     Fellon, 178582.000000, 3,     u 
467,     Letisha,     Reimer, 136022.000000, 4,     Q 
468,     Alena,     Armatidge, 127327.000000, 1,     e 
469,     Kelli,     Bartoszewski, 88800.000000, 1,     q 
470,     Lotti,     de Juares, 7438.000000, 4,     Q 
471,     Keven,     Pull, 98579.000000, 2,     q 
472,     Huntlee,     Dmych, 109435.000000, 1,     B 
473,     Bartholomeus,     Bilovus, 33419.000000, 4,     S 
474,     Ethan,     Oppie, 23182.000000, 1,     Q 
475,     Vonnie,     Oslar, 132633.000000, 3,     J 
476,     Ursala,     Greser, 124818.000000, 3,     O 
477,     Brittani,     Willder, 133384.000000, 1,     K 
478,     Ricoriki,     Robbey, 30629.000000, 2,     8 
479,     Adolf,     Stockley, 78359.000000, 3,     f 
480,     Katya,     Rollett, 4417.000000, 1,     2 
481,     Raviv,     Colles, 31137.000000, 3,     Q 
482,     Maryanna,     Norcock, 191589.000000, 3,     5 
483,     Penelopa,     Lissandre, 53897.000000, 3,     S 
484,     Andonis,     Scoggins, 2286.000000, 3,     F 
485,     Matias,     Jolliffe, 43425.000000, 4,     u 
486,     Dur,     Dossetter, 65654.000000, 1,     j 
487,     Alain,     Blackburn, 37224.000000, 4,     B 
488,     Lloyd,     Rackstraw, 156448.000000, 3,     Q 
489,     Timmy,     Giroldo, 118563.000000, 1,     V 
490,     Aldous,     Coggin, 126867.000000, 2,     a 
491,     Corney,     Issakov, 198739.000000, 2,     1 
492,     Tibold,     Piolli, 67348.000000, 3,     X 
493,     Constanta,     Serris, 68819.000000, 2,     5 
494,     Clarita,     Wandrack, 2441.000000, 2,     j 
495,     Frederik,     Parker, 7537.000000, 2,     v 
496,     Kenny,     Pyatt, 82710.000000, 1,     6 
497,     Alina,     Ambrogiotti, 158759.000000, 1,     g 
498,     Jilli,     Morecombe, 125142.000000, 4,     J 
499,     Clarisse,     Ferreira, 57070.000000, 4,     M 
500,     Daphene,     Cabedo, 168838.000000, 2,     O 
501,     Erminia,     Millsap, 1338.000000, 2,     6 
502,     Florida,     Perl, 175651.000000, 4,     d 
503,     Chicky,     Dameisele, 6149.000000, 1,     E 
504,     Ferguson,     Tomik, 15230.000000, 3,     q 
505,     Hedwig,     Scibsey, 35492.000000, 4,     8 
506,     Olwen,     Punton, 100655.000000, 1,     9 
507,     Toby,     Gleasane, 147956.000000, 3,     l 
508,     Brnaby,     Oxnam, 117935.000000, 2,     8 
509,     Letisha,     Huby, 73277.000000, 1,     d 
510,     Devy,     Sagerson, 21192.000000, 4,     4 
511,     Emanuel,     Maps, 6298.000000, 1,     I 
512,     Sauveur,     Wayvill, 74021.000000, 3,     z 
513,     Dom,     Danshin, 21777.000000, 3,     q 
514,     June,     Stickley, 129051.000000, 3,     C 
515,     Evelyn,     Jacquemet, 122847.000000, 3,     V 
516,     Patrizio,     Bergeon, 143191.000000, 4,     E 
517,     Roth,     Ramelot, 186905.000000, 2,     S 
518,     Morgun,     Bunhill, 6547.000000, 1,     P 
519,     Inesita,     Sauvain, 83606.000000, 4,     M 
520,     Ashli,     Phidgin, 70575.000000, 4,     c 
521,     Petronilla,     De Clairmont, 52789.000000, 3,     6 
522,     Bernadene,     Brimilcombe, 99294.000000, 1,     y 
523,     Helli,     Longford, 15906.000000, 2,     p 
524,     Lorettalorna,     Munning, 75752.000000, 4,     G 
525,     Abagail,     Tidmarsh, 9657.000000, 1,     k 
526,     Mara,     Corkish, 84740.000000, 4,     g 
527,     Conrado,     Congram, 96231.000000, 4,     H 
528,     Scottie,     Novello, 119007.000000, 4,     9 
529,     Aldus,     Glanert, 74832.000000, 1,     f 
530,     Michail,     Hryskiewicz, 136368.000000, 3,     Z 
531,     Saundra,     Bucknall, 70906.000000, 1,     C 
532,     Viviana,     Drew, 197537.000000, 3,     a 
533,     Reeva,     Gurko, 65616.000000, 3,     Y 
534,     Lilyan,     Blachford, 104666.000000, 2,     u 
535,     Marven,     Shortland, 132484.000000, 4,     m 
536,     Bard,     Pridding, 182928.000000, 1,     R 
537,     Augustine,     Gorman, 159270.000000, 1,     I 
538,     Stevana,     Greenstock, 31511.000000, 3,     w 
539,     Engracia,     Ipplett, 18126.000000, 4,     4 
540,     Cecil,     Stannus, 55379.000000, 1,     3 
541,     Josefa,     Dixsee, 195377.000000, 4,     d 
542,     Earl,     Pedreschi, 121412.000000, 2,     T 
543,     Wang,     Madelin, 138237.000000, 2,     o 
544,     Margeaux,     Linfoot, 185076.000000, 3,     E 
545,     Fanni,     Peschke, 155074.000000, 4,     y 
546,     Lavinia,     Dodge, 7964.000000, 4,     2 
547,     Goober,     Edwicke, 59106.000000, 1,     6 
548,     Deloris,     Yankishin, 8417.000000, 3,     z 
549,     Leif,     Studholme, 36990.000000, 3,     d 
550,     Grange,     Bosche, 185658.000000, 3,     E 
551,     Noam,     Tuxell, 126.000000, 3,     t 
552,     Claude,     Le Barr, 199977.000000, 3,     C 
553,     Kelli,     Goldby, 107364.000000, 3,     T 
554,     Melonie,     Gall, 25141.000000, 2,     l 
555,     Roosevelt,     Lawranson, 43924.000000, 1,     9 
556,     Joshuah,     Lealle, 166515.000000, 3,     R 
557,     Etty,     Narramore, 25024.000000, 2,     D 
558,     Lorrin,     Rawlyns, 39796.000000, 1,     f 
559,     Sadye,     Lipson, 197489.000000, 3,     d 
560,     Welbie,     Rops, 79657.000000, 1,     0 
561,     Virginie,     Cornborough, 163145.000000, 1,     G 
562,     Talbert,     Ghioni, 135250.000000, 2,     C 
563,     Gage,     Askham, 105181.000000, 2,     M 
564,     Emanuele,     Joly, 51952.000000, 1,     1 
565,     Rafaelita,     Klemmt, 93510.000000, 2,     4 
566,     Loren,     Berthelmot, 83644.000000, 1,     9 
567,     Jilleen,     Follet, 24095.000000, 4,     Y 
568,     Liv,     Matzke, 167916.000000, 3,     v 
569,     Lindsey,     Pigden, 23230.000000, 4,     g 
570,     Lammond,     Drinkwater, 83043.000000, 1,     F 
571,     Mella,     Auchterlony, 148526.000000, 2,     I 
572,     Gaye,     Rodda, 108447.000000, 3,     e 
573,     Dorice,     Franklin, 810.000000, 3,     k 
574,     Derrek,     Bettington, 87792.000000, 2,     3 
575,     Davon,     Burdoun, 54916.000000, 1,     E 
576,     Joel,     Huett, 159869.000000, 1,     6 
577,     Harland,     Wloch, 176649.000000, 2,     6 
578,     Balduin,     Tourmell, 64484.000000, 2,     W 
579,     Gayler,     Beazer, 134830.000000, 3,     K 
580,     Noah,     Pleasance, 176697.000000, 1,     4 
581,     Jorie,     Youson, 32932.000000, 4,     P 
582,     Tommy,     Jaulmes, 152978.000000, 4,     b 
583,     Kiel,     Kinver, 171344.000000, 2,     G 
584,     Thorndike,     Caitlin, 45223.000000, 1,     Z 
585,     Burlie,     McLurg, 51149.000000, 3,     i 
586,     Avram,     Saill, 81814.000000, 3,     v 
587,     Berthe,     Duckers, 117375.000000, 2,     d 
588,     Amitie,     Allsup, 6599.000000, 2,     C 
589,     Erin,     Bruffell, 125941.000000, 1,     Q 
590,     August,     Lathleiffure, 6420.000000, 3,     V 
591,     Buddy,     Barrell, 188843.000000, 2,     K 
592,     Jennifer,     O'Kennavain, 101381.000000, 4,     I 
593,     Babita,     Kencott, 70616.000000, 1,     1 
594,     Lennard,     Pennaman, 103232.000000, 3,     X 
595,     Odell,     Sybe, 195988.000000, 2,     H 
596,     Alejandra,     Letford, 33633.000000, 2,     g 
597,     Rosella,     Hulkes, 38679.000000, 2,     f 
598,     Marissa,     Gosneye, 180940.000000, 2,     E 
599,     Calla,     Wannes, 18200.000000, 3,     I 
600,     Abramo,     Gosselin, 130333.000000, 4,     N 
601,     Linette,     Winborn, 32182.000000, 4,     2 
602,     Bonnie,     Sandbrook, 75212.000000, 4,     Y 
603,     Shellysheldon,     Mungan, 167664.000000, 2,     R 
604,     Fredi,     Bowmer, 197207.000000, 3,     B 
605,     Goldi,     Cornejo, 38230.000000, 1,     e 
606,     Lonnie,     Lohoar, 108453.000000, 2,     W 
607,     Melesa,     Hynes, 182273.000000, 1,     1 
608,     Sibilla,     Bellee, 94751.000000, 3,     v 
609,     Lee,     Brinsden, 183825.000000, 3,     I 
610,     Corie,     Tupman, 39159.000000, 3,     8 
611,     Bradford,     Waeland, 175377.000000, 2,     Q 
612,     Liuka,     Vasyagin, 2491.000000, 1,     r 
613,     Marlo,     Jolland, 40604.000000, 1,     4 
614,     Donni,     Eyree, 33792.000000, 4,     l 
615,     Robby,     Robertz, 57593.000000, 1,     t 
616,     Gerianne,     Brockwell, 67003.000000, 2,     y 
617,     Corby,     Coate, 62646.000000, 4,     m 
618,     Buddie,     Lepick, 41407.000000, 3,     g 
619,     Prinz,     Finkle, 178716.000000, 1,     4 
620,     Chrissy,     Duckerin, 51715.000000, 1,     1 
621,     Fifine,     Cothey, 128896.000000, 2,     U 
622,     Jerrie,     Clarkin, 180863.000000, 1,     y 
623,     Laney,     Pettitt, 105969.000000, 4,     l 
624,     Monique,     Stainbridge, 68772.000000, 3,     w 
625,     Parnell,     Mynard, 106302.000000, 1,     P 
626,     Katerina,     Ferneyhough, 196608.000000, 3,     C 
627,     Jordan,     Flement, 179286.000000, 2,     B 
628,     Mia,     Bonick, 148034.000000, 4,     K 
629,     Claiborn,     Plumridege, 23285.000000, 1,     p 
630,     Lu,     Guillem, 108592.000000, 4,     W 
631,     Robin,     Nuth, 1615.000000, 3,     q 
632,     Armin,     Pirri, 4958.000000, 2,     x 
633,     Carleen,     Drayton, 127736.000000, 2,     D 
634,     Nikita,     Minette, 82803.000000, 2,     X 
635,     Lark,     Delgado, 17903.000000, 4,     f 
636,     Lib,     Polleye, 110987.000000, 1,     V 
637,     Nelia,     Eastlake, 75262.000000, 3,     D 
638,     Winthrop,     Spilsburie, 21906.000000, 1,     G 
639,     Gwennie,     Yeend, 160025.000000, 3,     h 
640,     Brigid,     Gullam, 104664.000000, 2,     b 
641,     Austina,     Linfield, 126611.000000, 1,     r 
642,     Ephrem,     Blabber, 79602.000000, 4,     L 
643,     Edithe,     Blackmore, 148603.000000, 2,     M 
644,     Horatia,     Hogbin, 55349.000000, 4,     P 
645,     Booth,     Decort, 9077.000000, 2,     v 
646,     Ashlie,     Rickersey, 32058.000000, 1,     E 
647,     Gianna,     Akred, 111163.000000, 1,     N 
648,     Codi,     Shucksmith, 172252.000000, 2,     4 
649,     Bucky,     Vasilchikov, 124517.000000, 3,     S 
650,     Astrid,     Marie, 143514.000000, 3,     n 
651,     Shalne,     Brydon, 110981.000000, 1,     a 
652,     Terrijo,     Lowrance, 144766.000000, 4,     O 
653,     Thaddus,     Cussons, 156315.000000, 2,     u 
654,     Domenic,     Demkowicz, 55983.000000, 4,     q 
655,     Dene,     Winfred, 69421.000000, 4,     8 
656,     Bernardo,     Crum, 153323.000000, 1,     K 
657,     Emilee,     Mockes, 191021.000000, 3,     x 
658,     Toddy,     McTague, 170631.000000, 2,     i 
659,     Tibold,     Casine, 31444.000000, 2,     T 
660,     Diane,     McCourtie, 78038.000000, 3,     T 
661,     Corabella,     Nattriss, 147967.000000, 3,     U 
662,     Ebeneser,     Nesbit, 68197.000000, 2,     7 
663,     Hannis,     Petrelli, 71168.000000, 2,     1 
664,     Tremain,     Shipperbottom, 143319.000000, 2,     4 
665,     Baudoin,     O'Lyhane, 65882.000000, 2,     o 
666,     Jamie,     Brasse, 59559.000000, 4,     F 
667,     Reg,     Stocken, 93241.000000, 4,     N 
668,     Kit,     Bason, 139472.000000, 2,     D 
669,     Mimi,     Coneron, 46619.000000, 2,     H 
670,     Jacinta,     Chillingworth, 22770.000000, 4,     B 
671,     Lynda,     Tadgell, 52021.000000, 4,     s 
672,     Kira,     Mityakov, 9519.000000, 1,     H 
673,     Lynnett,     Sebyer, 46818.000000, 2,     V 
674,     Fifine,     Harkness, 79587.000000, 4,     2 
675,     Janessa,     Jandak, 184504.000000, 2,     x 
676,     Jose,     Oliphand, 25770.000000, 3,     5 
677,     Kellia,     Brawson, 175593.000000, 1,     b 
678,     Barnett,     Danhel, 35389.000000, 1,     E 
679,     Alfie,     Weddeburn, 27689.000000, 3,     R 
680,     Denny,     Champney, 95344.000000, 4,     l 
681,     Terry,     Magnar, 115245.000000, 2,     i 
682,     Allis,     Degg, 186499.000000, 2,     5 
683,     Renell,     Jardine, 11939.000000, 4,     Y 
684,     Olia,     Obin, 150189.000000, 3,     0 
685,     Aidan,     Stockall, 112456.000000, 2,     H 
686,     Brittney,     Cassels, 30223.000000, 2,     d 
687,     Melisse,     Echalie, 188407.000000, 1,     6 
688,     Roderigo,     Stubs, 47839.000000, 2,     H 
689,     Ingeborg,     Dagg, 29548.000000, 2,     y 
690,     Lisetta,     Lere, 100278.000000, 4,     D 
691,     Hanny,     Salter, 169947.000000, 2,     X 
692,     Tanya,     Korneev, 11392.000000, 2,     x 
693,     Zachary,     Blair, 98008.000000, 2,     m 
694,     Gunter,     Cicullo, 169321.000000, 3,     M 
695,     Ivor,     Dusey, 21091.000000, 2,     e 
696,     Ginny,     Theis, 126735.000000, 1,     z 
697,     Jourdain,     Truman, 115642.000000, 4,     t 
698,     Hedwig,     Robion, 8670.000000, 4,     d 
699,     Viviyan,     Cansdale, 136567.000000, 2,     Y 
700,     Poul,     Monshall, 158232.000000, 3,     q 
701,     Marji,     Barwick, 121029.000000, 3,     b 
702,     Allissa,     Steuart, 158041.000000, 3,     2 
703,     Patrizius,     Cosyns, 2581.000000, 1,     b 
704,     Nolly,     Tempest, 38643.000000, 1,     Y 
705,     Angy,     Abarough, 56882.000000, 3,     y 
706,     Scarface,     Morena, 96603.000000, 2,     8 
707,     Claretta,     Lidgey, 150684.000000, 1,     r 
708,     Frances,     Charker, 98290.000000, 3,     j 
709,     Jeremias,     Suller, 119739.000000, 4,     z 
710,     Denis,     Burnitt, 149786.000000, 3,     c 
711,     Roda,     Fooks, 162186.000000, 2,     g 
712,     Roma,     Omand, 73617.000000, 4,     Q 
713,     Clevey,     Soff, 127128.000000, 4,     q 
714,     Bengt,     Robberecht, 169521.000000, 3,     h 
715,     Yale,     Goeff, 148097.000000, 4,     2 
716,     Bekki,     Bridgewater, 142627.000000, 3,     W 
717,     Ulrick,     Willard, 18739.000000, 1,     g 
718,     Danit,     Beevens, 1348.000000, 4,     1 
719,     Filide,     McGinn, 114531.000000, 2,     a 
720,     Christina,     Jindrak, 41891.000000, 3,     s 
721,     Gillan,     Sutherns, 11107.000000, 3,     8 
722,     Wyatt,     Dowsett, 105572.000000, 1,     L 
723,     Johnna,     Peiser, 88489.000000, 2,     2 
724,     Chrissie,     Pendleton, 99105.000000, 2,     M 
725,     Joaquin,     Haddrill, 170029.000000, 1,     c 
726,     Cloe,     Middlemiss, 144579.000000, 3,     k 
727,     Saba,     Mulheron, 122609.000000, 2,     2 
728,     Judi,     Murrell, 60372.000000, 4,     Y 
729,     Rosalinda,     Kisbee, 175451.000000, 1,     s 
730,     Leora,     Peery, 31682.000000, 3,     b 
731,     Osborne,     Romain, 198518.000000, 4,     z 
732,     Sal,     Canet, 67226.000000, 4,     n 
733,     Petr,     Munton, 199310.000000, 3,     j 
734,     Aubree,     Matuska, 131756.000000, 2,     j 
735,     Augy,     Dod, 69837.000000, 4,     Z 
736,     Anastassia,     Capron, 166127.000000, 1,     A 
737,     Krystalle,     Dell'Abbate, 160108.000000, 3,     y 
738,     Hedda,     De Maria, 32892.000000, 3,     n 
739,     Amelina,     Elloy, 93459.000000, 2,     w 
740,     Orran,     Kemmey, 21670.000000, 2,     F 
741,     Leoine,     Pasley, 20318.000000, 1,     C 
742,     Claudette,     Garfield, 151129.000000, 1,     E 
743,     Adora,     Lapwood, 68124.000000, 2,     J 
744,     Joey,     Belfit, 46930.000000, 2,     C 
745,     Marcelo,     Withrop, 117460.000000, 2,     0 
746,     Johnathan,     Nursey, 16325.000000, 4,     y 
747,     Ashli,     Winser, 171315.000000, 3,     N 
748,     Shanan,     Girardey, 165225.000000, 1,     j 
749,     Norton,     Lindro, 17972.000000, 2,     9 
750,     Aubry,     Brecknall, 50744.000000, 2,     V 
751,     Cynthy,     Vowdon, 188878.000000, 2,     N 
752,     Reagan,     Skipton, 115244.000000, 3,     8 
753,     Ernaline,     Schade, 111351.000000, 4,     o 
754,     Lane,     Bramham, 68274.000000, 3,     A 
755,     Inna,     Bickardike, 110092.000000, 1,     4 
756,     Serene,     Sexcey, 89400.000000, 1,     1 
757,     Filia,     Grubbe, 61886.000000, 4,     L 
758,     Gretel,     Adds, 157005.000000, 3,     e 
759,     Kylie,     Trevains, 140282.000000, 3,     6 
760,     Devondra,     Ramplee, 167369.000000, 3,     a 
761,     Tatiania,     Giron, 92441.000000, 4,     l 
762,     Malina,     Licas, 40431.000000, 2,     h 
763,     Sheff,     Deery, 126965.000000, 4,     C 
764,     Ogden,     Bettlestone, 42959.000000, 2,     K 
765,     Anthony,     Domb, 140228.000000, 3,     L 
766,     Walden,     Kersting, 78535.000000, 2,     3 
767,     Amara,     Lorie, 39504.000000, 1,     D 
768,     Flory,     Tyler, 199959.000000, 3,     9 
769,     Gerard,     Kilbride, 117823.000000, 4,     l 
770,     Filberte,     Gilardone, 139947.000000, 4,     p 
771,     Reilly,     Reynish, 79580.000000, 2,     6 
772,     Cissiee,     Schaben, 119546.000000, 4,     L 
773,     Robinet,     Antcliff, 195142.000000, 3,     C 
774,     Huntlee,     Roddie, 124244.000000, 3,     k 
775,     Randi,     Petzolt, 124924.000000, 2,     i 
776,     Erika,     Skowcraft, 161113.000000, 2,     h 
777,     Tannie,     Royan, 143111.000000, 3,     S 
778,     Emmott,     Ternent, 169715.000000, 1,     T 
779,     Albertine,     Triggol, 2015.000000, 1,     7 
780,     Aldus,     Seeborne, 76119.000000, 3,     2 
781,     Leyla,     Kave, 69091.000000, 2,     d 
782,     Marybeth,     Ilyunin, 84756.000000, 4,     o 
783,     Jone,     Risso, 97140.000000, 3,     W 
784,     Martica,     Reaman, 151208.000000, 3,     2 
785,     Gannon,     Furnival, 49363.000000, 1,     z 
786,     Rory,     Milbourn, 192781.000000, 1,     9 
787,     Halli,     Colcutt, 187409.000000, 3,     H 
788,     Andy,     Flewan, 193539.000000, 1,     L 
789,     Erena,     Dullard, 66385.000000, 3,     I 
790,     Demetri,     Baitey, 188956.000000, 4,     a 
791,     Jabez,     Dyers, 132448.000000, 2,     W 
792,     Onofredo,     Ninnoli, 33386.000000, 2,     h 
793,     Edith,     Polleye, 56351.000000, 3,     b 
794,     Carrissa,     Cregeen, 82725.000000, 4,     3 
795,     Christos,     Bride, 182386.000000, 2,     p 
796,     Tailor,     Traylen, 119843.000000, 3,     5 
797,     Brandea,     Eblein, 117586.000000, 3,     o 
798,     Calley,     MacAulay, 33408.000000, 4,     6 
799,     Elissa,     Bishop, 179163.000000, 1,     f 
800,     Carola,     Plait, 153414.000000, 3,     v 
801,     Carlina,     Aldgate, 6701.000000, 2,     u 
802,     Nicola,     Wyleman, 61269.000000, 3,     n 
803,     Johan,     Cuell, 112019.000000, 1,     Q 
804,     Ware,     Tipping, 178633.000000, 2,     e 
805,     Cello,     Romeo, 33351.000000, 3,     5 
806,     Coralie,     Craghead, 12509.000000, 2,     D 
807,     Alexander,     Shopcott, 100927.000000, 2,     t 
808,     Laureen,     Dimanche, 52302.000000, 2,     J 
809,     Ami,     Mulligan, 22448.000000, 4,     h 
810,     Ivett,     Jefferd, 125511.000000, 1,     y 
811,     Marlyn,     Crohan, 115846.000000, 2,     Q 
812,     Lanette,     Andryszczak, 143243.000000, 4,     8 
813,     Harrietta,     Malyj, 52607.000000, 4,     q 
814,     Caty,     Pridmore, 84520.000000, 4,     z 
815,     Helenelizabeth,     McAlinion, 22337.000000, 3,     K 
816,     Hank,     Nappin, 61290.000000, 4,     y 
817,     Paul,     Giacaponi, 181763.000000, 3,     Y 
818,     Dacey,     Enbury, 57130.000000, 3,     H 
819,     Base,     Fewster, 50067.000000, 3,     W 
820,     Ursa,     Gress, 45692.000000, 2,     Z 
821,     Tibold,     Cubbon, 93465.000000, 2,     P 
822,     Lilas,     Brocklehurst, 114366.000000, 4,     q 
823,     Darlene,     Cottam, 169198.000000, 3,     p 
824,     Jorry,     Wones, 144225.000000, 2,     k 
825,     Conn,     Croneen, 48677.000000, 4,     e 
826,     Boone,     Samme, 195341.000000, 2,     Z 
827,     Ileana,     Reaveley, 140637.000000, 3,     n 
828,     Artemis,     Takle, 115318.000000, 3,     T 
829,     Jessamyn,     Marryatt, 64186.000000, 3,     o 
830,     Harcourt,     Hassett, 9303.000000, 4,     0 
831,     Kay,     Gaynes, 153055.000000, 2,     L 
832,     Giorgia,     Marquiss, 196804.000000, 1,     I 
833,     Verney,     Ferries, 7576.000000, 1,     n 
834,     Josephine,     Westwell, 143397.000000, 3,     D 
835,     Lainey,     MacGiolla, 182310.000000, 1,     m 
836,     Sherline,     Sitlington, 17204.000000, 3,     e 
837,     Adrianna,     Druce, 156027.000000, 1,     0 
838,     Merridie,     Jeens, 73313.000000, 1,     M 
839,     Nathan,     Scotchmer, 145784.000000, 1,     0 
840,     Nonie,     Malloy, 66784.000000, 4,     x 
841,     Kev,     Takkos, 94560.000000, 3,     1 
842,     Adriano,     Ferguson, 111002.000000, 3,     R 
843,     Gaspard,     Fulep, 105661.000000, 3,     1 
844,     Ralph,     Grassi, 185976.000000, 4,     Y 
845,     Faydra,     Brayn, 90771.000000, 1,     7 
846,     Rabi,     Magister, 144574.000000, 1,     8 
847,     Meara,     Colman, 132846.000000, 4,     V 
848,     Paul,     Dufer, 92051.000000, 3,     D 
849,     Beck,     Burrel, 87979.000000, 4,     Z 
850,     Lilyan,     Marin, 17758.000000, 4,     b 
851,     Jefferey,     Kidder, 78665.000000, 4,     X 
852,     Chet,     Madden, 158688.000000, 1,     C 
853,     Lise,     Andrzejowski, 135765.000000, 3,     M 
854,     Addy,     Savatier, 15877.000000, 4,     P 
855,     Marina,     Hek, 128543.000000, 1,     1 
856,     Fonz,     Raffels, 94052.000000, 1,     d 
857,     Reinhard,     Abisetti, 151669.000000, 2,     1 
858,     Guinna,     Benedicte, 198454.000000, 2,     F 
859,     Giorgia,     Werner, 4806.000000, 4,     g 
860,     Archibald,     Potteril, 10338.000000, 3,     s 
861,     Magda,     Tumasian, 57351.000000, 4,     u 
862,     Elka,     Pellew, 124166.000000, 1,     A 
863,     Ajay,     Rennock, 167573.000000, 4,     t 
864,     Boigie,     English, 182885.000000, 1,     f 
865,     Eleanor,     Eastwell, 192644.000000, 4,     E 
866,     Clarie,     Jorgesen, 187396.000000, 2,     x 
867,     Cissy,     Goodsall, 7051.000000, 4,     j 
868,     Jaquelyn,     Carde, 181836.000000, 4,     Q 
869,     Allyn,     MacIntosh, 195412.000000, 1,     6 
870,     Susannah,     Olek, 128110.000000, 3,     y 
871,     Artur,     Briat, 73919.000000, 4,     7 
872,     Helena,     Janusik, 24476.000000, 4,     D 
873,     Karlis,     Challice, 166735.000000, 2,     1 
874,     Sheila-kathryn,     Murford, 20479.000000, 1,     e 
875,     Micky,     Eaton, 88058.000000, 2,     R 
876,     Marthe,     Mattock, 92618.000000, 1,     d 
877,     Bel,     Leades, 41843.000000, 1,     z 
878,     Clerissa,     Winterson, 1428.000000, 2,     j 
879,     Leeland,     Delbergue, 109240.000000, 4,     I 
880,     Jerrylee,     O' Mullan, 189469.000000, 3,     3 
881,     Aidan,     Zanini, 116644.000000, 2,     8 
882,     Christy,     Gaylord, 112862.000000, 4,     T 
883,     Omar,     Chardin, 173897.000000, 2,     l 
884,     Delaney,     Skirvin, 20036.000000, 2,     P 
885,     Rora,     Diament, 184314.000000, 2,     i 
886,     Cathie,     Gramer, 103778.000000, 4,     u 
887,     Gustavus,     Eickhoff, 199224.000000, 2,     y 
888,     Filbert,     Douthwaite, 128959.000000, 3,     A 
889,     Floris,     Gunbie, 145657.000000, 3,     O 
890,     Missy,     Guard, 158372.000000, 3,     f 
891,     Damita,     Keatley, 58680.000000, 1,     r 
892,     Josiah,     Hannen, 27747.000000, 2,     O 
893,     Dael,     Charley, 16757.000000, 2,     J 
894,     Donaugh,     Goozee, 147237.000000, 3,     i 
895,     Laryssa,     Tayspell, 30412.000000, 1,     V 
896,     Mellie,     Tench, 35431.000000, 4,     s 
897,     Holli,     Vina, 135711.000000, 3,     N 
898,     Lawrence,     Wathan, 159275.000000, 3,     t 
899,     Latashia,     Stapforth, 27252.000000, 4,     R 
900,     Galen,     Swynfen, 198133.000000, 3,     T 
901,     Chad,     Cristofor, 92302.000000, 4,     E 
902,     Lion,     Thynn, 186747.000000, 3,     0 
903,     Cris,     Gardener, 193388.000000, 3,     j 
904,     Ruperto,     Moscrop, 55737.000000, 1,     A 
905,     Lek,     Gilhooly, 164934.000000, 1,     N 
906,     Taddeo,     Wassell, 15099.000000, 2,     0 
907,     Junette,     Deeves, 80705.000000, 4,     u 
908,     Westbrook,     Letson, 88983.000000, 3,     z 
909,     Vikki,     Luetchford, 131283.000000, 3,     Y 
910,     Vassili,     Balasin, 95327.000000, 1,     p 
911,     Shelby,     Giacoboni, 58672.000000, 1,     h 
912,     Rosette,     Ramiro, 121854.000000, 3,     3 
913,     Patience,     Fishwick, 151499.000000, 1,     P 
914,     Thatch,     Gutsell, 130452.000000, 1,     Y 
915,     Gherardo,     Alderson, 121377.000000, 1,     z 
916,     Anni,     Brood, 92602.000000, 4,     d 
917,     Stan,     Hitchens, 199744.000000, 1,     B 
918,     Odille,     Faithfull, 125987.000000, 2,     J 
919,     Bill,     Howorth, 141655.000000, 1,     T 
920,     Thibaut,     Le Frank, 132836.000000, 3,     T 
921,     Edlin,     Schule, 21615.000000, 4,     V 
922,     Dame,     Casine, 103166.000000, 1,     l 
923,     Jethro,     Binnie, 108572.000000, 1,     e 
924,     Berni,     Woodcock, 38718.000000, 3,     5 
925,     Cristine,     Blemen, 121057.000000, 3,     d 
926,     Lindsay,     Sibyllina, 106303.000000, 4,     n 
927,     Oby,     Gorgen, 56514.000000, 1,     w 
928,     Phaidra,     Laslett, 172523.000000, 2,     E 
929,     Sonya,     Windaybank, 87772.000000, 3,     j 
930,     Mercie,     Leel, 54954.000000, 2,     E 
931,     Leon,     Mullin, 199594.000000, 4,     U 
932,     Lani,     Blakeway, 55301.000000, 3,     y 
933,     Matti,     Ash, 149234.000000, 2,     D 
934,     Nolly,     Paiton, 33848.000000, 1,     C 
935,     Neall,     Gilhespy, 121285.000000, 4,     D 
936,     Joella,     Sidlow, 150506.000000, 1,     R 
937,     Violet,     Worham, 163180.000000, 3,     B 
938,     Bradney,     Mac Geaney, 81113.000000, 2,     r 
939,     Somerset,     Winslett, 126595.000000, 3,     R 
940,     Jasmina,     Pickerin, 115050.000000, 1,     z 
941,     Claudina,     Brisard, 66471.000000, 4,     L 
942,     Jacquenette,     Hayhurst, 175949.000000, 2,     9 
943,     Bald,     O'Towey, 140998.000000, 2,     V 
944,     Zak,     McGlaud, 179694.000000, 2,     j 
945,     Tuckie,     Thatcham, 147358.000000, 3,     h 
946,     Durward,     Demogeot, 132839.000000, 2,     j 
947,     Leigh,     Dohr, 65639.000000, 2,     z 
948,     Thorsten,     Keysel, 49841.000000, 3,     y 
949,     Lindsay,     Coulthard, 187809.000000, 4,     D 
950,     Lin,     Portwaine, 79488.000000, 2,     f 
951,     Mil,     Heskin, 157719.000000, 4,     6 
952,     Pierrette,     Scholtz, 17326.000000, 2,     Y 
953,     Suellen,     Hedde, 129228.000000, 3,     U 
954,     Tobie,     Abel, 199080.000000, 2,     z 
955,     Zsa zsa,     Montague, 100774.000000, 2,     o 
956,     Starlene,     Ragate, 146284.000000, 1,     M 
957,     Kristy,     Cantle, 90785.000000, 2,     y 
958,     Harriot,     Corlett, 106850.000000, 2,     F 
959,     Constancy,     Ackhurst, 81857.000000, 3,     b 
960,     Ruddie,     Waistall, 140389.000000, 3,     w 
961,     Hamid,     Jacklings, 9249.000000, 4,     1 
962,     Annnora,     Geockle, 143817.000000, 1,     l 
963,     Isaiah,     Feasley, 100216.000000, 4,     y 
964,     Hermine,     Graal, 168964.000000, 2,     b 
965,     Corby,     Ruthven, 138089.000000, 3,     h 
966,     Haley,     Stegell, 129584.000000, 2,     l 
967,     Pembroke,     Alldis, 50867.000000, 1,     0 
968,     Tiffy,     Storcke, 22131.000000, 1,     V 
969,     Stearn,     McBain, 46545.000000, 3,     7 
970,     Axe,     Maharry, 69023.000000, 1,     r 
971,     Liliane,     Winskill, 145455.000000, 2,     O 
972,     Therine,     McTurley, 133425.000000, 4,     d 
973,     Abraham,     Boone, 74882.000000, 2,     K 
974,     Barde,     Fairbanks, 40320.000000, 2,     9 
975,     Adella,     McCarroll, 167407.000000, 4,     d 
976,     Nadeen,     Mawford, 136883.000000, 2,     U 
977,     Angelica,     Schelle, 10075.000000, 3,     7 
978,     Joya,     Gally, 88685.000000, 3,     c 
979,     Pauli,     Torrese, 45914.000000, 4,     z 
980,     Dominic,     McGragh, 122847.000000, 2,     i 
981,     Myrtle,     Allner, 4843.000000, 3,     p 
982,     Velvet,     Winsper, 2471.000000, 4,     E 
983,     Yorke,     Matovic, 108959.000000, 4,     Z 
984,     Carola,     Mc Meekan, 171738.000000, 1,     A 
985,     Brodie,     Pyford, 147790.000000, 3,     8 
986,     Neddy,     Matiasek, 19911.000000, 1,     u 
987,     Dion,     Feely, 77912.000000, 2,     d 
988,     Glennie,     Powis, 160984.000000, 4,     q 
989,     Orel,     Vosse, 156817.000000, 1,     C 
990,     Shari,     Lambshine, 142484.000000, 4,     T 
991,     Dagny,     Pleasaunce, 108160.000000, 3,     k 
992,     Leicester,     Eustis, 92963.000000, 2,     H 
993,     Dudley,     Fortesquieu, 47375.000000, 1,     p 
994,     Natalina,     Atley, 1134.000000, 2,     A 
995,     Roana,     Hannent, 143977.000000, 2,     9 
996,     Schuyler,     Quillinane, 161074.000000, 3,     p 
997,     Cory,     Turbitt, 32221.000000, 3,     t 
998,     Orel,     Bakhrushkin, 56907.000000, 3,     R 
999,     Sol,     MacKeague, 40598.000000, 4,     l 
1000,   Lara,   Lopez, 152.000000, 3,   d2s 
1001,  MATEO,  HOLIK, 33333.000000, 1,  JAJA 
